"","Year","state","Prevalencepercent","athsmaprevalence","Ozone","PM10","NO2"
"1",2010,"Alabama",8,"283,374",0.0478325,24.3908096956522,NA
"2",2010,"Alaska",10,"50,465",0.0287365,15.8008689565217,NA
"3",2010,"Arizona",10.3,"511,041",0.0505781630434783,32.2311959059829,23.7195104375
"4",2010,"Arkansas",7.8,"168,851",0.0471599642857143,21.2449166666667,16.987532
"5",2010,"California",7.7,"2,155,879",0.0439877124352332,23.7530861564885,16.5614204858491
"6",2010,"Colorado",9.2,"351,444",0.05369426171875,22.500079109375,12.7728825
"7",2010,"Connecticut",9.2,"246,074",0.0489535681818182,13.6469164444444,13.1995024
"8",2010,"Delaware",10,"67,487",0.0516085,NA,19.5088375
"9",2010,"Florida",8.3,"1,220,935",0.0412714078947368,17.7586039555556,11.1303846363636
"10",2010,"Georgia",7.8,"568,658",0.048346425,19.6575494,10.8557715
"11",2010,"Hawaii",9.4,"93,804",0.02672675,15.1320686666667,5.068378
"12",2010,"Idaho",8.8,"99,598",0.04768385,16.3711000625,11.5588033333333
"13",2010,"Illinois",9.2,"894,008",0.0453732,23.440724,22.652105125
"14",2010,"Indiana",9.5,"457,670",0.047767619047619,23.99433124,18.106684
"15",2010,"Iowa",7.8,"179,655",0.04348575,22.54110305,13.42867825
"16",2010,"Kansas",8.6,"181,132",0.047910825,22.2306810526316,10.59516
"17",2010,"Kentucky",10.4,"340,040",0.0496290982142857,20.3213130666667,12.4432414
"18",2010,"Louisiana",6.7,"223,261",0.0435422307692308,23.5930986428571,11.7506903333333
"19",2010,"Maine",10,"103,702",0.040251234375,15.1650768,9.5818125
"20",2010,"Maryland",8.4,"359,060",0.0519309264705882,14.6583144,22.7618865
"21",2010,"Massachusetts",10.4,"525,777",0.0456531911764706,13.3330467,14.049619625
"22",2010,"Michigan",10.5,"791,296",0.0466096944444444,18.6643288888889,10.8161065
"23",2010,"Minnesota",7.6,"302,343",0.039947890625,21.6517851538462,10.75819875
"24",2010,"Mississippi",7.2,"157,958",0.0456853055555556,19.069767,9.8261335
"25",2010,"Missouri",8.8,"398,375",0.04885176,24.5165918571429,13.3111857777778
"26",2010,"Montana",9.1,"68,969",0.0400585625,19.4984350789474,3.43171985714286
"27",2010,"Nebraska",7.8,"105,006",0.036538125,26.8492285333333,NA
"28",2010,"Nevada",9.2,"180,897",0.0467692327586207,18.5082504716981,19.3783331666667
"29",2010,"New Hampshire",10.4,"106,004",0.0439368181818182,11.6404591111111,5.64333666666667
"30",2010,"New Jersey",8.7,"579,273",0.0490486428571429,24.2279648,20.1373597857143
"31",2010,"New Mexico",9.7,"145,242",0.0457141,26.7002268630137,13.23278745
"32",2010,"New York",9.8,"1,476,922",0.0439527432432432,NA,18.1678154444444
"33",2010,"North Carolina",7.5,"534,605",0.0508302012195122,17.9800551764706,17.13024
"34",2010,"North Dakota",7.4,"36,809",0.04044396875,11.36672025,5.2820233
"35",2010,"Ohio",9.6,"838,205",0.049358585,22.8090513559322,15.006213875
"36",2010,"Oklahoma",9.5,"262,429",0.0458954537037037,19.6139844,11.4972916
"37",2010,"Oregon",9.5,"281,532",0.036285525,13.1006671764706,13.627505
"38",2010,"Pennsylvania",9.9,"955,335",0.0480653469387755,19.88060242,15.954371125
"39",2010,"Rhode Island",10.9,"88,784",0.0479668333333333,13.7725442,7.744874
"40",2010,"South Carolina",8.3,"289,120",0.047666525,18.9728255238095,12.541397
"41",2010,"South Dakota",7.5,"45,744",0.04259425,18.7058448,4.5369886
"42",2010,"Tennessee",6,"287,407",0.0514828888888889,20.4296517428571,12.4935329
"43",2010,"Texas",7.4,"1,325,971",0.0420262175324675,23.2504088679245,12.4437784489796
"44",2010,"Utah",9.1,"177,906",0.05405385,25.6664574090909,16.201450125
"45",2010,"Vermont",11.1,"54,429",0.04256575,10.497765,12.637271
"46",2011,"Alabama",8,"288,643",0.04676546,21.68627456,NA
"47",2011,"Alaska",8.2,"42,528",0.0260458125,14.473937,NA
"48",2011,"Arizona",9.6,"457,715",0.0519834488636364,37.6513556780488,24.625932875
"49",2011,"Arkansas",9.5,"208,766",0.04721934375,21.433565,16.478375
"50",2011,"California",8.4,"2,342,302",0.0444194030898876,25.09756529,16.3150716960784
"51",2011,"Colorado",8.3,"315,224",0.0559969601449275,23.0074048888889,11.5770295
"52",2011,"Connecticut",9.9,"272,115",0.0467017291666667,15.043565625,15.514781125
"53",2011,"Delaware",9.8,"67,931",0.0470092857142857,NA,17.3680125
"54",2011,"Florida",7.6,"1,117,441",0.0416867838983051,17.2220785238095,9.6770625
"55",2011,"Georgia",9.6,"686,976",0.0492458333333333,18.65687,10.839715
"56",2011,"Hawaii",9.5,"99,595",0.029147625,16.5206872083333,5.7947575
"57",2011,"Idaho",9.2,"105,593",0.05007305,18.730990047619,14.6672435
"58",2011,"Illinois",8.1,"787,478",0.0448418175675676,24.731237125,21.6659093125
"59",2011,"Indiana",9.6,"464,346",0.0470115872093023,22.694705875,15.468736375
"60",2011,"Iowa",8.3,"191,945",0.0429061333333333,21.7022561764706,12.3887135
"61",2011,"Kansas",8.8,"186,078",0.05189224,22.4615372666667,12.48386025
"62",2011,"Kentucky",10.4,"345,331",0.0474264112903226,18.7329764285714,10.7311006
"63",2011,"Louisiana",6.4,"217,709",0.04310875,24.1561561666667,12.005019
"64",2011,"Maine",12,"126,472",0.0371277205882353,14.6006692,9.14387
"65",2011,"Maryland",8.5,"372,775",0.0489470131578947,12.9574826,22.310104
"66",2011,"Massachusetts",10.7,"545,732",0.0427159705882353,14.0531123,15.61199675
"67",2011,"Michigan",9.9,"744,180",0.0448910166666667,18.2729543333333,15.8063864
"68",2011,"Minnesota",7,"279,607",0.039531234375,25.3946592857143,11.8532361666667
"69",2011,"Mississippi",7.7,"169,009",0.0464294090909091,17.918938,8.8699805
"70",2011,"Missouri",9.2,"416,328",0.04993812,24.68269195,20.849961
"71",2011,"Montana",9.1,"69,629",0.0422917,20.5863384153846,3.57701685714286
"72",2011,"Nebraska",7.3,"99,562",0.039857,27.6616660769231,NA
"73",2011,"Nevada",8.1,"162,040",0.0484232905405405,20.418117,19.3344856666667
"74",2011,"New Hampshire",11,"112,813",0.0404744791666667,9.62004775,3.384668
"75",2011,"New Jersey",9,"602,960",0.045419453125,26.53105375,23.6463670714286
"76",2011,"New Mexico",10,"154,017",0.0477484913793103,30.9994765,13.34748775
"77",2011,"New York",9.7,"1,445,168",0.0409097567567568,NA,16.2856777142857
"78",2011,"North Carolina",8.8,"639,337",0.0499754888888889,14.436317,14.826363
"79",2011,"North Dakota",8.1,"41,498",0.0404393125,12.3753555,4.82015955555556
"80",2011,"Ohio",9.8,"862,683",0.0463577163461538,19.7214723461538,15.041178
"81",2011,"Oklahoma",9.6,"269,968",0.05203931,23.9742385416667,12.3819809
"82",2011,"Oregon",10.4,"308,491",0.03760425,16.3368114285714,13.585496
"83",2011,"Pennsylvania",9,"887,934",0.04473621875,18.2464982307692,15.948117275
"84",2011,"Rhode Island",11.8,"97,496",0.0467630833333333,12.976317,9.08826816666667
"85",2011,"South Carolina",8.2,"290,733",0.04803495,20.7130305,10.2148165
"86",2011,"South Dakota",6.9,"41,958",0.0431439166666667,17.9833856,7.0033319
"87",2011,"Tennessee",7.2,"351,078",0.0497941666666667,19.0887424516129,14.796246625
"88",2011,"Texas",7.4,"1,352,057",0.0456652525510204,26.9473843392857,11.9280976956522
"89",2011,"Utah",8.8,"169,987",0.0553178586956522,21.0609172,10.46466359375
"90",2011,"Vermont",11.1,"55,067",0.039083625,10.1326995,12.68290175
"91",2012,"Alabama",8.6,"313,918",0.045598375,18.4687434210526,NA
"92",2012,"Alaska",9,"48,693",0.0307264375,15.3886342068966,NA
"93",2012,"Arizona",8.6,"421,732",0.0521466136363636,39.4334734017467,25.7368374285714
"94",2012,"Arkansas",8.8,"194,542",0.0478513611111111,19.1910746666667,16.88873925
"95",2012,"California",8.8,"2,537,708",0.045350439516129,25.3106924555985,16.2803897714286
"96",2012,"Colorado",8.9,"350,317",0.0574938702531646,22.5210341929825,11.0397796666667
"97",2012,"Connecticut",9.9,"274,173",0.0494892307692308,12.7517348,12.849962
"98",2012,"Delaware",9.9,"70,127",0.0480121071428571,NA,10.76735025
"99",2012,"Florida",8.2,"1,243,825",0.0389040127118644,17.5900818,9.90869155555555
"100",2012,"Georgia",8.2,"605,186",0.0455900952380952,17.2904690588235,9.75200133333333
"101",2012,"Hawaii",8.9,"94,901",0.027472,15.5042054444444,5.82975075
"102",2012,"Idaho",8.5,"98,050",0.0512279166666667,22.8533012413793,18.55305725
"103",2012,"Illinois",8.5,"826,419",0.0488297027027027,26.9133678333333,21.9010051428571
"104",2012,"Indiana",9.1,"442,680",0.0506452325581395,22.370431826087,15.268239125
"105",2012,"Iowa",8.1,"188,705",0.0477762833333333,23.0045579444444,9.452659
"106",2012,"Kansas",8.4,"180,531",0.052637025,23.40412385,11.991683375
"107",2012,"Kentucky",11.1,"369,728",0.0493784838709677,18.8999923571429,10.8578228
"108",2012,"Louisiana",7.4,"257,996",0.042239,21.93123775,11.6196245
"109",2012,"Maine",11.1,"116,515",0.0388529583333333,16.2599615555556,8.50256533333333
"110",2012,"Maryland",9,"406,179",0.050934075,13.2220176,18.4105113333333
"111",2012,"Massachusetts",10.8,"560,857",0.0451356617647059,13.8802464,13.414464875
"112",2012,"Michigan",10.5,"788,263",0.0504307583333333,25.6471286818182,15.0303387
"113",2012,"Minnesota",8,"323,633",0.0420244047619048,19.2657117727273,9.60021975
"114",2012,"Mississippi",8.1,"180,261",0.045420225,17.37747,7.988812
"115",2012,"Missouri",10.4,"476,653",0.0521592826086957,26.212707,21.165905
"116",2012,"Montana",9.5,"73,308",0.0417857857142857,20.9039145423729,2.69491983333333
"117",2012,"Nebraska",7.4,"102,100",0.04591165,31.7462295384615,NA
"118",2012,"Nevada",7.4,"151,859",0.0494983878787879,27.9749814383562,20.7151705
"119",2012,"New Hampshire",10.2,"105,724",0.0428001041666667,10.60442375,2.65207
"120",2012,"New Jersey",8.7,"586,962",0.0469968970588235,29.4247943333333,20.5237521875
"121",2012,"New Mexico",9.2,"144,774",0.04866898,30.8566173768116,12.6726506
"122",2012,"New York",9.3,"1,395,293",0.0421478157894737,NA,18.8040249166667
"123",2012,"North Carolina",7.7,"568,927",0.0465120333333333,14.7952338125,14.28743775
"124",2012,"North Dakota",7.6,"40,781",0.04461340625,15.262859,5.34710755555556
"125",2012,"Ohio",10.5,"922,479",0.0504106176470588,21.6636797,19.294304
"126",2012,"Oklahoma",10.2,"291,991",0.0506929479166667,23.0274185,11.8030787
"127",2012,"Oregon",10.6,"318,757",0.04130575,13.7246488,13.720114
"128",2012,"Pennsylvania",10.1,"1,004,566",0.0474383227272727,17.794592745098,13.5514199047619
"129",2012,"Rhode Island",10.8,"89,012",0.0481664166666667,13.1337232,9.0114825
"130",2012,"South Carolina",8.7,"312,984",0.0431521785714286,17.7266185,9.32060525
"131",2012,"South Dakota",7.5,"46,535",0.0522195,20.3002531,8.1822872
"132",2012,"Tennessee",7.7,"380,597",0.049789125,18.7908786296296,13.758771875
"133",2012,"Texas",6.8,"1,304,181",0.0429622294117647,25.1213108846154,11.9404241276596
"134",2012,"Utah",8.9,"174,531",0.058403974137931,21.0135798947368,12.6289243571429
"135",2012,"Vermont",10.9,"54,220",0.043554875,6.9196695,11.0499115
"136",2013,"Alabama",8.5,"315,398",0.0409836739130435,17.13254908,17.602023
"137",2013,"Alaska",9.3,"51,014",0.029926375,14.9011525217391,NA
"138",2013,"Arizona",8.9,"441,614",0.0512725277777778,34.4925371143911,23.5401480714286
"139",2013,"Arkansas",8.3,"185,212",0.0433938055555556,18.4437,15.18722375
"140",2013,"California",8.7,"2,548,191",0.0445222569832402,30.0579769383562,15.9778314757282
"141",2013,"Colorado",8.7,"348,956",0.0554932007575758,20.3581772542373,12.93542445
"142",2013,"Connecticut",9.8,"274,183",0.0488100416666667,12.6307132,15.0431376
"143",2013,"Delaware",10.6,"76,190",0.0441642857142857,NA,10.1326776666667
"144",2013,"Florida",8.3,"1,282,736",0.0376688070175439,16.4872545,8.74549327777778
"145",2013,"Georgia",8.4,"628,066",0.0408572738095238,16.0044506,8.5416295
"146",2013,"Hawaii",9.4,"102,769",0.02994125,15.2117965,5.49058425
"147",2013,"Idaho",8.5,"100,609",0.0466511,19.0990205555556,19.1027565
"148",2013,"Illinois",7.6,"743,344",0.04323075,28.4783245,21.1015398571429
"149",2013,"Indiana",10.3,"509,427",0.0456123352272727,19.66882375,12.5472499285714
"150",2013,"Iowa",7.8,"182,246",0.0422288333333333,24.7379764827586,9.9482645
"151",2013,"Kansas",8.9,"192,137",0.046551475,20.1000650555556,10.47539075
"152",2013,"Kentucky",9.5,"317,648",0.0428913275862069,16.3556976666667,11.7365183333333
"153",2013,"Louisiana",7.7,"271,281",0.0391960625,20.42291675,10.6938326
"154",2013,"Maine",11.9,"126,067",0.03853896875,15.0868756666667,8.38293333333333
"155",2013,"Maryland",9.4,"432,373",0.0463371375,13.2933884,16.7755868333333
"156",2013,"Massachusetts",11.4,"598,720",0.0430289852941176,15.2094357777778,14.6573025416667
"157",2013,"Michigan",11.5,"866,052",0.045768525,20.8006815454545,14.2455801
"158",2013,"Minnesota",7.7,"316,074",0.0397726323529412,19.34070625,10.7454131
"159",2013,"Mississippi",8.2,"183,571",0.041634825,19.4645455,7.9662465
"160",2013,"Missouri",10.8,"497,058",0.0455617391304348,21.3456554285714,19.2395849166667
"161",2013,"Montana",8.6,"67,655",0.0416144,15.8806278909091,2.54377927272727
"162",2013,"Nebraska",7.3,"102,357",0.04158465,24.4195572307692,NA
"163",2013,"Nevada",7.6,"160,895",0.0481626689189189,22.7254615714286,20.262656
"164",2013,"New Hampshire",11,"114,563",0.0413228541666667,10.7845555,2.41734
"165",2013,"New Jersey",9,"617,677",0.0442712941176471,19.560698,20.10785475
"166",2013,"New Mexico",9.2,"144,557",0.04756094,28.890718761194,11.69635605
"167",2013,"New York",9.7,"1,486,160",0.041180875,NA,20.1525284
"168",2013,"North Carolina",8.4,"635,130",0.0416406467391304,15.1513585,12.387471
"169",2013,"North Dakota",8.3,"46,173",0.0428901111111111,13.8116478125,4.91645605555556
"170",2013,"Ohio",9.7,"858,509",0.0436844607843137,19.4658196734694,16.8638225
"171",2013,"Oklahoma",9,"259,863",0.0456461979166667,19.0445275384615,10.8514395454545
"172",2013,"Oregon",11.4,"344,524",0.03827605,16.4761571538462,13.735842
"173",2013,"Pennsylvania",9.6,"955,374",0.044445275862069,17.0559954150943,12.1461575681818
"174",2013,"Rhode Island",12,"98,948",0.0466199166666667,13.6076496,9.88207733333333
"175",2013,"South Carolina",8.4,"309,058",0.038261130952381,15.1899625,8.912788375
"176",2013,"South Dakota",7.9,"50,099",0.047048875,18.55594445,6.8765871
"177",2013,"Tennessee",7.1,"354,385",0.0438923541666667,16.4054088055556,16.1469866
"178",2013,"Texas",7.3,"1,414,459",0.0420742864583333,24.6124938648649,11.4370115952381
"179",2013,"Utah",9,"181,925",0.0539323161764706,21.3726746666667,11.4797235434783
"180",2013,"Vermont",11.3,"56,397",0.040887875,9.4370195,11.07801025
"181",2014,"Alabama",9.5,"353,847",0.0422094891304348,18.50998388,18.6645175
"182",2014,"Alaska",8.1,"44,865",0.0278905,20.9640287631579,17.8842915
"183",2014,"Arizona",9.6,"484,115",0.0498546611111111,36.6565771591837,21.7275185555556
"184",2014,"Arkansas",8.8,"197,478",0.0406388055555556,17.7550623333333,14.32094425
"185",2014,"California",7.8,"2,279,568",0.0459638269230769,34.3615949320388,15.5577404716981
"186",2014,"Colorado",8.4,"342,994",0.0527989,20.7767148,13.997873
"187",2014,"Connecticut",9.2,"257,311",0.0469850625,12.301201,14.7609167
"188",2014,"Delaware",8.8,"63,855",0.0447164642857143,NA,10.5207763333333
"189",2014,"Florida",8,"1,268,162",0.0397487161016949,15.8247042142857,11.2238997727273
"190",2014,"Georgia",8.3,"626,931",0.0427374047619048,16.1541596,13.243571375
"191",2014,"Hawaii",9.2,"102,093",0.027880625,15.8199998333333,5.82195875
"192",2014,"Idaho",8.6,"103,201",0.0496466666666667,17.0739749230769,18.64669125
"193",2014,"Illinois",9.1,"898,521",0.0430001554054054,31.504099,20.6492605
"194",2014,"Indiana",10.7,"532,909",0.0447173586956522,20.6801182105263,14.5183249375
"195",2014,"Iowa",8.5,"201,266",0.0408752583333333,23.613269,9.371983375
"196",2014,"Kansas",8.7,"189,350",0.0463813833333333,22.0536777142857,9.0542787
"197",2014,"Kentucky",11.9,"402,690",0.0441062916666667,16.0035409411765,12.3365398571429
"198",2014,"Louisiana",7.7,"270,261",0.0384057291666667,19.66720425,11.6133764545455
"199",2014,"Maine",11.6,"122,881",0.0371646176470588,14.8313812222222,7.53653666666667
"200",2014,"Maryland",8.5,"393,571",0.0460337875,13.6631404,16.1296643
"201",2014,"Massachusetts",12,"636,176",0.0408885921052632,12.56201075,14.9568349583333
"202",2014,"Michigan",10.9,"831,656",0.0446393333333333,22.0412903809524,14.5098977
"203",2014,"Minnesota",8.4,"350,818",0.0376602941176471,19.5774596,13.907307625
"204",2014,"Mississippi",7.4,"166,117",0.041133925,17.6014635,8.2166745
"205",2014,"Missouri",9.7,"450,530",0.0439997826086957,22.5315507894737,16.8881565
"206",2014,"Montana",9.6,"76,683",0.03993471875,15.5354385471698,2.7215295
"207",2014,"Nebraska",7.7,"108,805",0.0414795,23.1391371538462,NA
"208",2014,"Nevada",8.1,"172,343",0.0482804166666667,23.22356,20.070403125
"209",2014,"New Hampshire",10.2,"107,371",0.0405414375,9.85239325,4.2460675
"210",2014,"New Jersey",8.3,"570,238",0.0433717794117647,18.0451775,22.3526699090909
"211",2014,"New Mexico",9.9,"154,861",0.0452145928571429,28.451028516129,11.2813667222222
"212",2014,"New York",10.7,"1,642,598",0.040158390625,NA,17.6131367857143
"213",2014,"North Carolina",7.8,"592,279",0.0445839944444444,12.7897434117647,12.5146623333333
"214",2014,"North Dakota",8.7,"50,533",0.0407073333333333,13.5629200625,5.13950555555556
"215",2014,"Ohio",10.8,"957,711",0.0441172254901961,19.0375005283019,19.0935710833333
"216",2014,"Oklahoma",9.7,"284,303",0.044358375,21.7975125263158,10.7609289
"217",2014,"Oregon",10.2,"314,501",0.03936825,12.2466682222222,14.632983
"218",2014,"Pennsylvania",9.8,"979,527",0.0436194017857143,16.5990481153846,13.526555125
"219",2014,"Rhode Island",10.8,"89,462",0.0446391666666667,12.506346,14.0011155
"220",2014,"South Carolina",8.3,"309,409",0.041302875,15.6491613333333,10.0845955
"221",2014,"South Dakota",7.5,"48,213",0.0410909583333333,18.0473508421053,6.519530375
"222",2014,"Tennessee",8.9,"448,189",0.0445933586956522,17.0488516315789,14.4435313
"223",2014,"Texas",6.7,"1,312,573",0.0398611546052632,24.1403933666667,11.3596584673913
"224",2014,"Utah",8.7,"178,514",0.0538173875968992,18.547334,9.79828697619048
"225",2014,"Vermont",11.3,"56,644",0.04048775,10.32378875,11.2953845
"226",2015,"Alabama",9.9,"370,128",0.0403143369565217,18.3946230769231,17.87053475
"227",2015,"Alaska",9.2,"50,792",0.0294775833333333,16.9891543461538,17.671058
"228",2015,"Arizona",9.3,"479,791",0.0489942061403509,28.9517656357143,21.6435236
"229",2015,"Arkansas",10.1,"226,691",0.0404812222222222,19.5577213333333,13.39485
"230",2015,"California",7.7,"2,290,491",0.045183100591716,27.1773111086262,15.0162083545455
"231",2015,"Colorado",9,"375,709",0.0523374888059701,17.3658382,16.7603415666667
"232",2015,"Connecticut",10.5,"294,997",0.0487280416666667,13.878446,15.510739875
"233",2015,"Delaware",9.2,"67,950",0.0464737142857143,NA,18.511734
"234",2015,"Florida",7.4,"1,197,036",0.0371686313559322,16.358124804878,10.426996875
"235",2015,"Georgia",9.2,"708,933",0.0413013333333333,15.8446698,14.4537591
"236",2015,"Hawaii",10,"111,142",0.028887125,16.2032685,5.6800205
"237",2015,"Idaho",9.1,"110,735",0.0489046,18.9756316190476,18.784589
"238",2015,"Illinois",8.4,"828,784",0.0432266959459459,26.5088701428571,18.9307695714286
"239",2015,"Indiana",10.2,"512,557",0.0435112336956522,20.4845030588235,13.0968367142857
"240",2015,"Iowa",7.6,"181,072",0.04088355,23.1369592592593,8.9575745
"241",2015,"Kansas",8.7,"188,514",0.0440564318181818,19.8603464666667,8.7900935
"242",2015,"Kentucky",11.9,"403,499",0.0434696715686275,17.6375735,12.2872047142857
"243",2015,"Louisiana",8.2,"288,759",0.0387011704545455,19.6061083,10.5430132777778
"244",2015,"Maine",11.2,"120,034",0.0373921470588235,15.4053988,9.68001675
"245",2015,"Maryland",8.8,"408,914",0.0474603125,14.6380426,16.1642703
"246",2015,"Massachusetts",10.2,"547,096",0.042070375,12.5408775,14.64801985
"247",2015,"Michigan",10.2,"781,517",0.0448872416666667,23.8365172,16.1503533125
"248",2015,"Minnesota",7.4,"310,116",0.0388931176470588,21.8330124166667,12.5515959
"249",2015,"Mississippi",7.8,"175,845",0.039632875,18.9191835,10.34910925
"250",2015,"Missouri",9.6,"448,562",0.0428305869565217,20.5384237391304,17.0550441111111
"251",2015,"Montana",8.9,"71,210",0.04145046875,20.6971974307692,2.3368735
"252",2015,"Nebraska",7.2,"101,854",0.0420639423076923,21.913652,NA
"253",2015,"Nevada",8.1,"179,450",0.04703318,17.8556251285714,22.5572583
"254",2015,"New Hampshire",10.1,"107,224",0.0407761458333333,11.624429,5.351577
"255",2015,"New Jersey",7.2,"501,572",0.0452777021276596,23.0178615,22.0393195454545
"256",2015,"New Mexico",9.9,"155,818",0.0455762727272727,21.8919394347826,10.83288625
"257",2015,"New York",9.9,"1,532,508",0.0413323984375,NA,19.1438412142857
"258",2015,"North Carolina",8.2,"633,683",0.0450450348837209,12.5174949545455,11.4530229166667
"259",2015,"North Dakota",9,"52,567",0.0435148636363636,14.3816787272727,4.79426927777778
"260",2015,"Ohio",10,"896,185",0.0445461715686275,20.5411862727273,17.8758994285714
"261",2015,"Oklahoma",9.5,"279,781",0.0431587065217391,17.3920806666667,13.48854375
"262",2015,"Oregon",11.2,"351,437",0.0424821818181818,13.4149525454545,16.1413605
"263",2015,"Pennsylvania",10.2,"1,020,306",0.045139320754717,17.4599768333333,14.0416129318182
"264",2015,"Rhode Island",11,"91,992",0.04652325,15.3265916,14.802528625
"265",2015,"South Carolina",8.2,"309,943",0.0414559125,15.4830013333333,9.137857
"266",2015,"South Dakota",8.4,"54,406",0.045259,19.5863238148148,6.545085375
"267",2015,"Tennessee",9,"455,946",0.0435427407407407,21.1942021578947,13.515805
"268",2015,"Texas",7.6,"1,528,177",0.0402407183333333,22.068164,11.3379406170213
"269",2015,"Utah",9,"187,377",0.0535548203125,18.6191397083333,11.4210148125
"270",2015,"Vermont",11,"55,265",0.04194725,10.99448225,11.4490155
"271",2016,"Alabama",9.7,"365,041",0.0441092173913043,18.0517128571429,18.87529475
"272",2016,"Alaska",8.8,"48,398",0.0281809166666667,15.997303,18.493658
"273",2016,"Arizona",9.4,"491,794",0.0483120611111111,35.3181085319149,21.2257888
"274",2016,"Arkansas",8.5,"193,863",0.04168009375,18.4651256666667,13.13720325
"275",2016,"California",7.8,"2,366,008",0.0450091926470588,28.9027345077399,14.232404853211
"276",2016,"Colorado",8.8,"374,598",0.0513628064516129,18.4561239387755,17.1839906785714
"277",2016,"Connecticut",10.5,"295,601",0.0487494125,11.9898167272727,16.20529725
"278",2016,"Delaware",8.5,"63,617",0.0458483214285714,NA,17.5809475
"279",2016,"Florida",6.7,"1,109,768",0.0389742456896552,16.3362519473684,11.3055538571429
"280",2016,"Georgia",8.5,"666,285",0.0456346666666667,16.2162636,22.9590748333333
"281",2016,"Hawaii",10.7,"120,293",0.0298615,15.8076733333333,6.4426135
"282",2016,"Idaho",9.3,"115,109",0.0487138,16.8697360833333,17.0022865
"283",2016,"Illinois",8.9,"879,704",0.0441179864864865,21.0593392857143,20.6220475
"284",2016,"Indiana",10.2,"514,349",0.0451948488372093,19.3596276470588,12.5432101428571
"285",2016,"Iowa",7.8,"187,872",0.0400194916666667,21.2404967037037,8.5528635
"286",2016,"Kansas",8.8,"193,078",0.0440739423076923,19.6023878947368,8.354119
"287",2016,"Kentucky",11.6,"394,686",0.0437488706896552,15.4913444166667,11.3236452857143
"288",2016,"Louisiana",8.4,"297,349",0.0398130113636364,18.7113241,10.8079568636364
"289",2016,"Maine",12.2,"130,992",0.0368465666666667,12.590567,6.54315183333333
"290",2016,"Maryland",9.4,"439,666",0.0475531059322034,12.548509,16.753815
"291",2016,"Massachusetts",10.3,"560,739",0.0431299,12.0228605,12.98277335
"292",2016,"Michigan",10.9,"841,111",0.045106453125,21.9928628,15.060966125
"293",2016,"Minnesota",7.6,"321,439",0.0352764705882353,19.183407125,12.1165076
"294",2016,"Mississippi",8,"181,044",0.0420899,17.101852,9.6530355
"295",2016,"Missouri",9.9,"463,150",0.0422447010869565,20.94376588,15.4336688571429
"296",2016,"Montana",8.5,"69,403",0.0399133125,15.1776784561404,2.233168
"297",2016,"Nebraska",8.3,"118,932",0.0415571,21.7459791818182,NA
"298",2016,"Nevada",7.9,"179,986",0.0471211086956522,19.3019417383178,21.9394781875
"299",2016,"New Hampshire",11.4,"121,566",0.0402655208333333,9.6640975,4.890247
"300",2016,"New Jersey",8.2,"573,506",0.0441640408163265,21.650594,19.4691051363636
"301",2016,"New Mexico",11.8,"185,678",0.0474276125,26.4062531774194,10.7478421111111
"302",2016,"New York",9.5,"1,474,062",0.0420557734375,NA,17.7589403571429
"303",2016,"North Carolina",8,"630,864",0.0454888974358974,12.54498464,11.0301115833333
"304",2016,"North Dakota",9,"53,028",0.0390303636363636,10.8952721666667,4.29811522222222
"305",2016,"Ohio",9.7,"873,284",0.0460320113636364,18.0900012982456,16.7460927142857
"306",2016,"Oklahoma",10,"293,910",0.0436868173076923,17.5193236,11.9555583333333
"307",2016,"Oregon",10.5,"335,445",0.0369152045454545,10.4781549166667,15.25523775
"308",2016,"Pennsylvania",10.6,"1,070,258",0.0447906468531469,15.8470671388889,11.9221312222222
"309",2016,"Rhode Island",10.7,"90,375",0.0447811944444444,11.7092024,13.212071625
"310",2016,"South Carolina",8.8,"340,518",0.0434297717391304,15.0479915,8.3575851
"311",2016,"South Dakota",6.2,"40,253",0.04386309375,19.2903048333333,6.170959625
"312",2016,"Tennessee",10.9,"559,423",0.0470269347826087,20.5872993684211,13.8024479
"313",2016,"Texas",7.6,"1,584,264",0.0401064506578947,20.5310104193548,11.0973316808511
"314",2016,"Utah",8.3,"175,360",0.0523184545454545,17.8199000909091,10.4836550333333
"315",2016,"Vermont",10.2,"51,211",0.04017475,9.1599706,9.99671425
"316",2017,"Alabama",10.9,"409,623",0.0406268043478261,16.1567278,16.1336905
"317",2017,"Alaska",8.4,"46,863",0.02802725,12.2349753157895,17.8451265
"318",2017,"Arizona",9.8,"529,155",0.0495697857142857,38.4296440756757,23.54921775
"319",2017,"Arkansas",9.6,"219,001",0.04157428125,17.501438,12.6252275
"320",2017,"California",7.9,"2,398,304",0.0459403585714286,27.7558079640719,14.3608051226415
"321",2017,"Colorado",9.3,"404,012",0.04766987,18.936413175,14.0757
"322",2017,"Connecticut",10.7,"299,336",0.044095125,10.8647656363636,18.1471025
"323",2017,"Delaware",10.6,"79,827",0.0436031071428571,NA,16.4646295
"324",2017,"Florida",7.5,"1,258,262",0.0382306465517241,17.1886149761905,12.0706886666667
"325",2017,"Georgia",8.4,"663,053",0.0414657875,16.3226795,20.057272
"326",2017,"Hawaii",9.8,"109,177",0.029986625,13.3503141666667,6.149493
"327",2017,"Idaho",9,"113,842",0.0471943125,19.2027105,23.7034265
"328",2017,"Illinois",8.2,"808,252",0.0445954736842105,21.4634831428571,19.9638517
"329",2017,"Indiana",10,"509,205",0.0436559318181818,19.1264061764706,14.5413377
"330",2017,"Iowa",9.3,"223,269",0.041269475,20.8929597777778,7.88825383333333
"331",2017,"Kansas",9.1,"199,738",0.0426840277777778,19.9060096190476,8.0216244
"332",2017,"Kentucky",10.7,"367,763",0.0428474482758621,14.90941775,10.6368515
"333",2017,"Louisiana",9,"319,238",0.0385630833333333,18.1491997,10.2331926666667
"334",2017,"Maine",11.2,"119,995",0.0374611833333333,12.3392070909091,7.57270133333333
"335",2017,"Maryland",9.4,"440,338",0.04529275,12.18092275,15.431484
"336",2017,"Massachusetts",11.5,"621,312",0.04168665625,10.7510412,12.218598
"337",2017,"Michigan",10.8,"837,016",0.042062046875,21.4347348181818,14.538950375
"338",2017,"Minnesota",7.3,"310,955",0.0375556176470588,21.6267984166667,12.0990155
"339",2017,"Mississippi",8.3,"187,772",0.039390275,15.632653,9.60366275
"340",2017,"Missouri",9.4,"442,086",0.0447811195652174,21.2665632272727,14.9073277857143
"341",2017,"Montana",9.1,"74,843",0.04491925,17.1045226619718,2.1022463
"342",2017,"Nebraska",8.2,"118,181",0.03991245,22.4745,NA
"343",2017,"Nevada",10.4,"240,247",0.0473329051724138,20.7724890869565,25.4765932142857
"344",2017,"New Hampshire",13.2,"142,205",0.0397890625,10.9545433333333,4.453121
"345",2017,"New Jersey",8.6,"600,483",0.0413948529411765,16.16866875,18.3360977
"346",2017,"New Mexico",10.5,"165,265",0.0487980657894737,27.6439387346939,10.0313084
"347",2017,"New York",9.2,"1,426,161",0.040499359375,13.3144401666667,17.37383525
"348",2017,"North Carolina",9.2,"730,767",0.0437628076923077,12.4501693703704,10.7528783333333
"349",2017,"North Dakota",8.6,"50,524",0.0416838125,13.70778675,4.53893166666667
"350",2017,"Ohio",9.9,"888,520",0.0436134264705882,16.7157337777778,15.7969854285714
"351",2017,"Oklahoma",9.6,"285,215",0.044125375,16.6590527142857,11.9829370833333
"352",2017,"Oregon",10.9,"353,411",0.0413892727272727,16.0780172307692,14.99487
"353",2017,"Pennsylvania",10.1,"1,021,687",0.0430586203703704,15.4433948333333,11.2545017222222
"354",2017,"Rhode Island",12.3,"103,853",0.04205475,11.132239,12.4296165
"355",2017,"South Carolina",9.2,"361,086",0.0413582368421053,13.9631668333333,8.833916625
"356",2017,"South Dakota",7.3,"48,077",0.0416470416666667,16.6843502,5.707742
"357",2017,"Tennessee",10,"517,735",0.0443279782608696,16.5008072857143,12.516234
"358",2017,"Texas",7.3,"1,543,064",0.0405597297297297,21.7836845333333,10.8607569148936
"359",2017,"Utah",8.9,"192,523",0.04632125,19.890988,10.8554387
"360",2017,"Vermont",11.8,"59,012",0.03851375,9.2017765,10.08955375
"361",2018,"Alabama",10.5,"394634",0.0415099545454545,16.5868604090909,15.80240725
"362",2018,"Alaska",9.2,"50685",0.0264321666666667,11.7754604,16.739653
"363",2018,"Arizona",10,"545104",0.0490090280612245,36.1658696309013,22.4050885
"364",2018,"Arkansas",9.8,"225853",0.04099675,17.55689775,12.396318
"365",2018,"California",8.5,"2607598",0.0452966369680851,27.4397236075581,14.110322706422
"366",2018,"Colorado",9.1,"399357",0.0481005625,19.1178065454545,13.3909386071429
"367",2018,"Connecticut",10.3,"290278",0.0440981666666667,13.319386,16.07061425
"368",2018,"Delaware",10.1,"77035",0.04204925,NA,15.1222765
"369",2018,"Florida",8.7,"1495632",0.0375604396551724,17.623103,11.3899413076923
"370",2018,"Georgia",8.9,"714569",0.0410003289473684,14.898185375,18.3594888333333
"371",2018,"Hawaii",9.3,"104368",0.02999975,12.6403578333333,7.46468875
"372",2018,"Idaho",8.6,"111954",0.04178909375,19.9735220833333,NA
"373",2018,"Illinois",8.7,"860007",0.0438250067567568,21.944055,18.1506978
"374",2018,"Indiana",10,"509651",0.0427473988095238,19.7931271176471,14.7944893333333
"375",2018,"Iowa",7.9,"190960",0.0409914583333333,24.3387476875,7.78127483333333
"376",2018,"Kansas",9.8,"214698",0.0432320277777778,19.2462891153846,8.0246411
"377",2018,"Kentucky",11.5,"395345",0.0420919224137931,15.9088958571429,10.2985232857143
"378",2018,"Louisiana",8.9,"316423",0.0378848977272727,19.8181178,10.0837033888889
"379",2018,"Maine",12.3,"132126",0.0386592333333333,12.6740471666667,7.65320333333333
"380",2018,"Maryland",9.3,"439909",0.0442081625,11.40690175,14.2399200833333
"381",2018,"Massachusetts",10.2,"558435",0.041749328125,9.5943218,13.3093370909091
"382",2018,"Michigan",11.2,"872519",0.0421432972972973,20.9407511818182,15.3027146923077
"383",2018,"Minnesota",8.3,"357232",0.0382982352941176,22.6370001153846,13.1403196
"384",2018,"Mississippi",9.7,"218223",0.04109075,20.2427428333333,7.3117935
"385",2018,"Missouri",9.4,"444334",0.0444076931818182,20.2979938,14.7528615
"386",2018,"Montana",10,"82660",0.0439346875,16.3800695909091,2.2428495
"387",2018,"Nebraska",8.9,"128793",0.0391951,19.684278,NA
"388",2018,"Nevada",8,"186787",0.0481303947368421,21.8031828490566,27.129363375
"389",2018,"New Hampshire",11.8,"128307",0.0400207083333333,9.659531,4.1812195
"390",2018,"New Jersey",8.4,"593242",0.0413348382352941,15.5047285,17.82066535
"391",2018,"New Mexico",9.9,"157177",0.0500298815789474,28.1330720816327,10.4493850909091
"392",2018,"New York",10.1,"1578011",0.0408497338709677,13.3534413333333,19.0174281428571
"393",2018,"North Carolina",9.4,"757790",0.0437009871794872,13.98513015,9.83559941666667
"394",2018,"North Dakota",8.2,"46996",0.0428741730769231,11.5998551,4.51957185
"395",2018,"Ohio",9.4,"854186",0.0434743701923077,16.3439067586207,15.9526804285714
"396",2018,"Oklahoma",10.3,"307581",0.0436145208333333,19.4081918421053,12.740197125
"397",2018,"Oregon",11.6,"383340",0.0387997727272727,15.312120375,15.9698931666667
"398",2018,"Pennsylvania",10,"1012588",0.0415674198113208,14.3518873428571,9.04296763888889
"399",2018,"Rhode Island",11.9,"101251",0.0435223333333333,12.8551006666667,16.76392425
"400",2018,"South Carolina",9.1,"360353",0.0437141842105263,13.8289888,8.553038625
"401",2018,"South Dakota",7.9,"51652",0.0417507916666667,18.2880279166667,5.860297375
"402",2018,"Tennessee",9.8,"513084",0.0437358043478261,16.6720711,12.33628
"403",2018,"Texas",7.4,"1572815",0.0392369691780822,23.215374969697,10.8638385531915
"404",2018,"Utah",9.3,"206360",0.0479015833333333,18.2144271,10.5587848478261
"405",2018,"Vermont",12,"60216",0.03939925,9.106827,10.05085175
"406",2019,"Alabama",9.5,"360965",0.0424634318181818,18.7279664444444,17.8212205
"407",2019,"Alaska",9.9,"54239",0.029822,15.1723788333333,13.82205
"408",2019,"Arizona",9.7,"544394",0.04879880078125,28.118424632,20.33495975
"409",2019,"Arkansas",9.3,"215095",0.040856875,16.82963175,13.1088365
"410",2019,"California",7.8,"2405797",0.0443393040935673,24.0821332299652,13.1213117723214
"411",2019,"Colorado",9.7,"434603",0.0485665357142857,18.7742492962963,13.5059096071429
"412",2019,"Connecticut",10.5,"297971",0.0456478125,12.8930304285714,15.564546125
"413",2019,"Delaware",9.8,"75119",0.0447518571428571,NA,15.9086275
"414",2019,"Florida",7.4,"1292568",0.0381287327586207,16.5281649090909,10.6463458076923
"415",2019,"Georgia",7.7,"620794",0.0438657105263158,15.3292553333333,19.5495323333333
"416",2019,"Hawaii",9.6,"106413",0.028967375,12.0516741666667,7.263558
"417",2019,"Idaho",10,"131709",0.0381489375,16.821303,15.800819
"418",2019,"Illinois",8.2,"808461",0.0433615067567568,25.0699461428571,18.1913712142857
"419",2019,"Indiana",9.8,"499841",0.0432368988095238,18.1406668333333,15.2788385833333
"420",2019,"Iowa",8,"194614",0.04005925,22.0609345,6.2944955
"421",2019,"Kansas",9.9,"217474",0.0420322222222222,17.3008847777778,6.9691515
"422",2019,"Kentucky",9.5,"326678",0.0438553125,14.66371925,11.4210442857143
"423",2019,"Louisiana",7.9,"280621",0.0382613636363636,16.5312974,9.91100105555556
"424",2019,"Maine",11.8,"127896",0.03717315,13.8558037,6.84716833333333
"425",2019,"Maryland",9,"424051",0.0465767875,11.865912,12.88620325
"426",2019,"Massachusetts",10.3,"570379",0.041946765625,9.662773,12.5190443636364
"427",2019,"Michigan",11.1,"867732",0.040441,19.2985032272727,15.2019049444444
"428",2019,"Minnesota",8.3,"358668",0.0371153970588235,19.2459628846154,12.4119388
"429",2019,"Mississippi",9.9,"225468",0.041059525,19.1481635,7.1368615
"430",2019,"Missouri",10.1,"479037",0.0431523693181818,19.93148868,13.6680958333333
"431",2019,"Montana",10,"83280",0.0417543928571429,14.5724456515152,2.12087033333333
"432",2019,"Nebraska",8,"116768",0.03850545,17.9911814285714,NA
"433",2019,"Nevada",9.4,"224825",0.0466446304347826,18.8002046,21.300644875
"434",2019,"New Hampshire",10.8,"119305",0.03856675,11.6414335,4.2911455
"435",2019,"New Mexico",8.4,"134715",0.0482462105263158,25.0998083846154,9.85918786363636
"436",2019,"New York",9.3,"1419951",0.0406562109375,12.3544248333333,16.8933151875
"437",2019,"North Carolina",8.3,"681689",0.0454480855263158,12.9478802727273,10.6492191666667
"438",2019,"North Dakota",8.1,"47369",0.0402718,8.68599705555556,4.5542655
"439",2019,"Ohio",11.1,"1009034",0.0445695196078431,16.3358759130435,15.188727625
"440",2019,"Oklahoma",10.2,"302947",0.0429814880952381,18.2037617333333,11.3220315
"441",2019,"Oregon",11.1,"369735",0.03596965,14.8777987727273,12.99148575
"442",2019,"Pennsylvania",10.9,"1104033",0.0429925754716981,15.2671402758621,10.4099515
"443",2019,"Rhode Island",11.2,"94817",0.0451011666666667,11.8820393333333,13.3232126666667
"444",2019,"South Carolina",9.4,"376358",0.0432455,13.535679,8.50836475
"445",2019,"South Dakota",8.5,"56510",0.04324925,15.1870703,5.42262325
"446",2019,"Tennessee",8.8,"463655",0.0451527717391304,16.3922206363636,12.434228
"447",2019,"Texas",7.1,"1532311",0.0405944109589041,21.4002265,10.9978267959184
"448",2019,"Utah",9.9,"223768",0.0460042424242424,14.016868,12.713555125
"449",2019,"Vermont",11.6,"59140",0.0383735833333333,8.34894025,10.14644725
"450",2020,"Alabama",9,"341720",0.0377699,17.1477014117647,15.342895
"451",2020,"Alabama",9,"341720",0.0377699,17.1477014117647,15.342895
"452",2020,"Alaska",8.9,"48173",0.029502875,10.6573965,NA
"453",2020,"Alaska",8.9,"48173",0.029502875,10.6573965,NA
"454",2020,"Arizona",9.6,"550729",0.0488940805555556,35.2720911923077,19.4997596428571
"455",2020,"Arizona",9.6,"550729",0.0488940805555556,35.2720911923077,19.4997596428571
"456",2020,"Arkansas",9.1,"210340",0.037988,14.8535166666667,12.0183595
"457",2020,"Arkansas",9.1,"210340",0.037988,14.8535166666667,12.0183595
"458",2020,"California",9.3,"2848466",0.0450616320224719,34.7016581825843,14.4139233366337
"459",2020,"California",9.3,"2848466",0.0450616320224719,34.7016581825843,14.4139233366337
"460",2020,"Colorado",9.6,"434782",0.0485101860465116,19.1076004857143,12.4064503
"461",2020,"Colorado",9.6,"434782",0.0485101860465116,19.1076004857143,12.4064503
"462",2020,"Connecticut",10.6,"299193",0.0440631875,13.80398225,15.138307375
"463",2020,"Connecticut",10.6,"299193",0.0440631875,13.80398225,15.138307375
"464",2020,"Delaware",10.8,"83428",0.0400258214285714,NA,14.65974
"465",2020,"Delaware",10.8,"83428",0.0400258214285714,NA,14.65974
"466",2020,"Florida",7.3,"1276625",0.0358088940677966,18.134711475,10.3803205454545
"467",2020,"Florida",7.3,"1276625",0.0358088940677966,18.134711475,10.3803205454545
"468",2020,"Georgia",9,"736912",0.036586447368421,14.3232533333333,17.6704005
"469",2020,"Georgia",9,"736912",0.036586447368421,14.3232533333333,17.6704005
"470",2020,"Hawaii",8.8,"96890",0.026593125,11.4952881666667,5.40455625
"471",2020,"Hawaii",8.8,"96890",0.026593125,11.4952881666667,5.40455625
"472",2020,"Idaho",9.4,"127406",0.0454635,21.0382272666667,16.9584275
"473",2020,"Idaho",9.4,"127406",0.0454635,21.0382272666667,16.9584275
"474",2020,"Illinois",8.5,"832244",0.0415369358974359,29.6727755714286,17.2821017142857
"475",2020,"Illinois",8.5,"832244",0.0415369358974359,29.6727755714286,17.2821017142857
"476",2020,"Indiana",9.6,"497539",0.0408856923076923,19.1446391666667,12.2728750625
"477",2020,"Indiana",9.6,"497539",0.0408856923076923,19.1446391666667,12.2728750625
"478",2020,"Iowa",9.1,"220085",0.0383350625,24.3098244375,5.71101525
"479",2020,"Iowa",9.1,"220085",0.0383350625,24.3098244375,5.71101525
"480",2020,"Kansas",9.8,"216312",0.04055175,21.7159850555556,6.9400663
"481",2020,"Kansas",9.8,"216312",0.04055175,21.7159850555556,6.9400663
"482",2020,"Kentucky",11.5,"395633",0.0394561875,15.0684577272727,10.3234746428571
"483",2020,"Kentucky",11.5,"395633",0.0394561875,15.0684577272727,10.3234746428571
"484",2020,"Louisiana",7.8,"276711",0.0363048402777778,17.1621647,8.5439135
"485",2020,"Louisiana",7.8,"276711",0.0363048402777778,17.1621647,8.5439135
"486",2020,"Maine",10.6,"115621",0.03644205,11.9249050666667,8.90529716666667
"487",2020,"Maine",10.6,"115621",0.03644205,11.9249050666667,8.90529716666667
"488",2020,"Maryland",8.9,"420686",0.0411935125,10.1753825,13.3838718333333
"489",2020,"Maryland",8.9,"420686",0.0411935125,10.1753825,13.3838718333333
"490",2020,"Massachusetts",10.7,"592048",0.040166890625,11.38175275,11.7770073181818
"491",2020,"Massachusetts",10.7,"592048",0.040166890625,11.38175275,11.7770073181818
"492",2020,"Michigan",11,"859534",0.0404662844827586,17.9840373181818,13.6886793888889
"493",2020,"Michigan",11,"859534",0.0404662844827586,17.9840373181818,13.6886793888889
"494",2020,"Minnesota",8.5,"369238",0.0370151323529412,21.9358189375,10.4322711666667
"495",2020,"Minnesota",8.5,"369238",0.0370151323529412,21.9358189375,10.4322711666667
"496",2020,"Mississippi",8.9,"201273",0.03757715,19.4676265,6.199187
"497",2020,"Mississippi",8.9,"201273",0.03757715,19.4676265,6.199187
"498",2020,"Missouri",9.3,"441777",0.0399682613636364,22.9036865833333,12.882625
"499",2020,"Missouri",9.3,"441777",0.0399682613636364,22.9036865833333,12.882625
"500",2020,"Montana",10.6,"89552",0.0424804375,16.7235146818182,1.88574575
"501",2020,"Montana",10.6,"89552",0.0424804375,16.7235146818182,1.88574575
"502",2020,"Nebraska",7.8,"114104",0.03680405,21.0345922857143,NA
"503",2020,"Nebraska",7.8,"114104",0.03680405,21.0345922857143,NA
"504",2020,"Nevada",9.5,"230431",0.04686575,25.352126147541,23.4370328333333
"505",2020,"Nevada",9.5,"230431",0.04686575,25.352126147541,23.4370328333333
"506",2020,"New Hampshire",11.5,"127113",0.0387942083333333,12.97110625,4.0314855
"507",2020,"New Hampshire",11.5,"127113",0.0387942083333333,12.97110625,4.0314855
"508",2020,"New Jersey",8.7,"598649",0.0396785147058824,14.8572305,16.9161716
"509",2020,"New Jersey",8.7,"598649",0.0396785147058824,14.8572305,16.9161716
"510",2020,"New Mexico",10.1,"162657",0.0474571315789474,32.1495246829268,9.74250095454545
"511",2020,"New Mexico",10.1,"162657",0.0474571315789474,32.1495246829268,9.74250095454545
"512",2020,"New York",9.5,"1449094",0.0398100172413793,11.329301,16.0555303571429
"513",2020,"New York",9.5,"1449094",0.0398100172413793,11.329301,16.0555303571429
"514",2020,"North Carolina",7.8,"645784",0.0391067105263158,11.4497398846154,8.71564071428571
"515",2020,"North Carolina",7.8,"645784",0.0391067105263158,11.4497398846154,8.71564071428571
"516",2020,"North Dakota",8.6,"49883",0.0394970555555556,9.73634242857143,4.00500227777778
"517",2020,"North Dakota",8.6,"49883",0.0394970555555556,9.73634242857143,4.00500227777778
"518",2020,"Ohio",9.9,"895631",0.0420957452830189,16.0322791777778,13.5578037142857
"519",2020,"Ohio",9.9,"895631",0.0420957452830189,16.0322791777778,13.5578037142857
"520",2020,"Oklahoma",10.8,"322759",0.040685275,18.0597623571429,10.617274
"521",2020,"Oklahoma",10.8,"322759",0.040685275,18.0597623571429,10.617274
"522",2020,"Oregon",10.6,"356958",0.0366017954545455,19.8274136666667,10.5252348333333
"523",2020,"Oregon",10.6,"356958",0.0366017954545455,19.8274136666667,10.5252348333333
"524",2020,"Pennsylvania",10.2,"1032246",0.0406632692307692,14.4733885483871,10.2534850789474
"525",2020,"Pennsylvania",10.2,"1032246",0.0406632692307692,14.4733885483871,10.2534850789474
"526",2020,"Rhode Island",12.1,"103190",0.0419544375,10.4617423333333,11.7944273333333
"527",2020,"Rhode Island",12.1,"103190",0.0419544375,10.4617423333333,11.7944273333333
"528",2020,"South Carolina",9.4,"385741",0.037092734375,13.7756005,7.3693549
"529",2020,"South Carolina",9.4,"385741",0.037092734375,13.7756005,7.3693549
"530",2020,"South Dakota",8.1,"53990",0.0423655,19.9428809444444,5.440151
"531",2020,"South Dakota",8.1,"53990",0.0423655,19.9428809444444,5.440151
"532",2020,"Tennessee",10.3,"552156",0.0394877608695652,15.566587125,11.308906875
"533",2020,"Tennessee",10.3,"552156",0.0394877608695652,15.566587125,11.308906875
"534",2020,"Texas",7.4,"1617392",0.03938714,30.5356170689655,10.071396125
"535",2020,"Texas",7.4,"1617392",0.03938714,30.5356170689655,10.071396125
"536",2020,"Utah",10.8,"249663",0.0457195583333333,24.3157971666667,12.1088729375
"537",2020,"Utah",10.8,"249663",0.0457195583333333,24.3157971666667,12.1088729375
"538",2020,"Vermont",10.8,"54781",0.03868375,7.953382,8.469929
"539",2020,"Vermont",10.8,"54781",0.03868375,7.953382,8.469929
"540",2021,"Alabama",10.1,"394,199",0.0388044125,17.1252414117647,14.844642
"541",2021,"Alaska",9,"49,453",0.028005625,11.6803730714286,NA
"542",2021,"Arizona",9.4,"519,749",0.0503536424418605,33.1445124174312,20.695848
"543",2021,"Arkansas",9,"207,857",0.04122846875,15.6412566666667,12.37378725
"544",2021,"California",8.8,"2,694,396",0.0448527371428571,28.7325570173913,13.8763456081081
"545",2021,"Colorado",10.4,"476,932",0.0510645548780488,21.9977445517241,12.3794907333333
"546",2021,"Connecticut",10.5,"300,910",0.0437117916666667,14.47568035,15.433778875
"547",2021,"Delaware",9.8,"77,695",0.0425933571428571,NA,14.4828015
"548",2021,"Georgia",9.4,"772,663",0.0396656710526316,16.742830375,17.879875375
"549",2021,"Hawaii",8.1,"92,849",0.02728075,11.4236861666667,4.673481
"550",2021,"Idaho",9.8,"138,516",0.0482491666666667,24.02619140625,17.8332155
"551",2021,"Illinois",8.7,"860,395",0.04341575,28.9242117142857,17.247420875
"552",2021,"Indiana",10.3,"536,397",0.0427069743589744,20.0909227222222,12.9103783
"553",2021,"Iowa",9.1,"224,466",0.0417120520833333,24.521103125,5.6562465
"554",2021,"Kansas",10.6,"235,953",0.0436023888888889,24.802983,7.3092479
"555",2021,"Kentucky",11.7,"408,801",0.0413967946428571,16.3458762,11.4065418571429
"556",2021,"Louisiana",9.7,"344,842",0.0370174431818182,16.9673686,8.66302383333333
"557",2021,"Maine",12.5,"138,396",0.03675585,13.2446314166667,7.28907
"558",2021,"Maryland",9.4,"451,158",0.0448155875,10.8669935,14.7191414166667
"559",2021,"Massachusetts",11.7,"661,306",0.0401089264705882,14.07033125,11.0553838181818
"560",2021,"Michigan",11.5,"908,568",0.0423475344827586,21.29389792,14.74771165
"561",2021,"Minnesota",8.8,"387,219",0.0400194558823529,22.597492125,11.3454966428571
"562",2021,"Mississippi",10,"226,646",0.038962225,19.7984965,6.437703
"563",2021,"Missouri",9.4,"449,253",0.0424913693181818,24.33177195,13.2861295833333
"564",2021,"Montana",9.7,"83,698",0.04655915625,19.0969038636364,2.14072416666667
"565",2021,"Nebraska",8.2,"122,491",0.0417273125,22.483072,NA
"566",2021,"Nevada",9.1,"223,954",0.048181046875,26.5865482205882,22.0078376428571
"567",2021,"New Hampshire",12.1,"136,025",0.0397919285714286,13.3880465,5.21848
"568",2021,"New Jersey",8.9,"646,963",0.0415690147058824,17.459553,17.5714591
"569",2021,"New Mexico",10.6,"173,518",0.0485807631578947,33.53853284,9.74406840909091
"570",2021,"New York",9.8,"1,563,485",0.0406776583333333,13.1530962,15.509323125
"571",2021,"North Carolina",8.7,"717,344",0.0426878486842105,13.0782584074074,9.3766338125
"572",2021,"North Dakota",8.4,"50,012",0.04334725,15.3687665,4.33078183333333
"573",2021,"Ohio",10.4,"955,568",0.0432536875,18.1267798888889,14.410705
"574",2021,"Oklahoma",10.9,"326,087",0.04391165,20.1136044285714,11.700772875
"575",2021,"Oregon",11.2,"377,851",0.0405889,14.5981532,11.6331985
"576",2021,"Pennsylvania",10.3,"1,062,292",0.0417306435185185,16.2478708518519,10.8664232105263
"577",2021,"Rhode Island",12.6,"111,498",0.0423035,11.5386263333333,13.189021
"578",2021,"South Carolina",9.2,"372,607",0.0404475166666667,15.4090918333333,8.3685938
"579",2021,"South Dakota",8.3,"55,927",0.0427694375,21.03375435,6.9286962
"580",2021,"Tennessee",10.3,"558,276",0.0422378152173913,18.347600125,10.5810568
"581",2021,"Texas",8.4,"1,854,306",0.0403219366666667,28.6264068518519,10.6230367075472
"582",2021,"Utah",9.7,"231,080",0.0474813203125,17.0703515714286,10.7951327962963
"583",2021,"Vermont",11.8,"61,465",0.0375064166666667,8.67354033333333,8.501739
